100.24.223.135,80,GET,/MEkwRzBFMEMwQTAJBgUrDgMCGgUABBQMDtATfnJO6JAXDQoHl8pAaJdhTQQU3QQJB6L1en1SUxKSle44gCUNplkCCGQzUdPHOJ8I,HTTP/1.1,Microsoft-CryptoAPI/10.0,ocsps.ssl.com,
13.226.22.50,80,GET,/SSLcom-SubCA-CodeSigning-RSA-4096-R1.crl,HTTP/1.1,Microsoft-CryptoAPI/10.0,crls.ssl.com,
172.67.140.91,80,GET,/,HTTP/1.1,,podiumstrtss.com,__gads=4165079571:1:846:131; _gat=10.0.19045.64; _ga=1.591597.1635208534.1040; _u=4445534B544F502D34565A46525350:75736572313031:39414231333532444136393736323546; __io=21_3625792553_1955020779_2750360736; _gid=0078B91C290D
